{"pages":[{"id":"page-fda26a1f-c096-44e4-a149-cb99e1038a34","style":{"background":"#FFFFFF"},"transition":{},"groups":[],"elements":[{"id":"element-ee400dfc-0752-4eeb-86d9-af381f669d25","position":{"left":48,"top":341,"width":754,"height":213,"angle":0,"parent":null},"expressionRenderable":{"state":"ready","value":{"type":"render","as":"markdown","value":{"content":"# Public Spending Group\n## Cycling Investment Insight\n\nJuly, 2020","font":{"type":"style","spec":{"fontFamily":"'Open Sans', Helvetica, Arial, sans-serif","fontWeight":"normal","fontStyle":"normal","textDecoration":"none","textAlign":"left","fontSize":"14px","lineHeight":"1"},"css":"font-family:'Open Sans', Helvetica, Arial, sans-serif;font-weight:normal;font-style:normal;text-decoration:none;text-align:left;font-size:14px;line-height:1"},"openLinksInNewTab":false},"css":".canvasRenderEl {\n\n}\n.canvasMarkdown h1 {\nfont-size: 64px !important;\n}\n.canvasMarkdown h2,\n.canvasMarkdown p {\ncolor: #666666;\n}\n.canvasMarkdown p {\nfont-size: 16px;\n}","containerStyle":{"type":"containerStyle","overflow":"hidden"}},"error":null}}]},{"id":"page-484d1552-e969-4ca9-ac44-dd90d2caac87","style":{"background":"#f5f5f5"},"transition":{},"groups":[],"elements":[{"id":"element-c23d83a2-a053-4cb4-940b-22c591c89414","position":{"left":727,"top":57,"width":322,"height":518,"angle":0,"parent":null},"expressionRenderable":{"state":"ready","value":{"type":"render","as":"markdown","value":{"content":"### Existing Cycle infrastructure in west-midlands\n\nPresented is a heatmap of cycleways in the Local Authorities in West Midlands \n\nThis map is built by ingesting the total length of cycle infrastructure, \"cycleways\" in PyIST/ Rapid open source data. \n\nSome preprocessing was done to aggregate the length of cycleways in West Midlands Local authority. \n\nMost of the cycleways are concentrated in Birmingham Local district. ","font":{"type":"style","spec":{"fontFamily":"'Open Sans', Helvetica, Arial, sans-serif","fontWeight":"normal","fontStyle":"normal","textDecoration":"none","textAlign":"left","fontSize":"14px","lineHeight":"1","color":"#000000"},"css":"font-family:'Open Sans', Helvetica, Arial, sans-serif;font-weight:normal;font-style:normal;text-decoration:none;text-align:left;font-size:14px;line-height:1;color:#000000"},"openLinksInNewTab":false},"css":".canvasRenderEl {\n\n}\n.canvasMarkdown h1 {\nfont-size: 64px !important;\n}","containerStyle":{"type":"containerStyle","overflow":"hidden"}},"error":null}},{"id":"element-5efee464-29f0-46c5-a839-d9a30a1a5e5f","position":{"left":466,"top":316,"width":54,"height":4,"angle":0,"parent":null},"expressionRenderable":{"state":"ready","value":{"type":"render","as":"markdown","value":{"content":"### Welcome to the Markdown element\n\nGood news! You're already connected to some demo data!\n\nThe data table contains\n**3000 rows**, each containing\n the following columns:\n **@timestamp**\n **time**\n **cost**\n **username**\n **price**\n **age**\n **country**\n **state**\n **project**\n **percent_uptime**\n\nYou can use standard Markdown in here, but you can also access your piped-in data using Handlebars. If you want to know more, check out the [Handlebars documentation](https://handlebarsjs.com/guide/expressions.html).\n\n#### Enjoy!","font":{"type":"style","spec":{"fontFamily":"'Open Sans', Helvetica, Arial, sans-serif","fontWeight":"normal","fontStyle":"normal","textDecoration":"none","textAlign":"left","fontSize":"14px","lineHeight":"1"},"css":"font-family:'Open Sans', Helvetica, Arial, sans-serif;font-weight:normal;font-style:normal;text-decoration:none;text-align:left;font-size:14px;line-height:1"},"openLinksInNewTab":false},"css":".canvasRenderEl{\n\n}","containerStyle":{"type":"containerStyle","overflow":"hidden"}},"error":null}},{"id":"element-c98a0a7f-d20b-4d72-8db0-a8fb4bca6f3f","position":{"left":20,"top":20,"width":677,"height":669,"angle":0,"parent":null},"expressionRenderable":{"state":"ready","value":{"type":"render","as":"embeddable","value":{"type":"embeddable","input":{"id":"465cfd60-d0ec-11ea-8504-77f740059676","filters":[],"timeRange":{"type":"timerange","from":"now-15m","to":"now"},"refreshConfig":{"pause":false,"value":0},"mapCenter":{"lat":52.53201,"lon":-1.7591,"zoom":9.37},"hideFilterActions":true,"isLayerTOCOpen":false,"hiddenLayers":[]},"embeddableType":"map","generatedAt":1595953427612},"css":".canvasRenderEl{\n\n}","containerStyle":{"type":"containerStyle","overflow":"hidden"}},"error":null}}]},{"id":"page-e0fe193b-09e6-47b3-a203-787e753c2190","style":{"background":"#f5f5f5"},"transition":{},"groups":[],"elements":[{"id":"element-34bddaa0-2228-49af-8b7d-12b7b3115753","position":{"left":666,"top":53,"width":351,"height":202.5,"angle":0,"parent":null},"expressionRenderable":{"state":"ready","value":{"type":"render","as":"markdown","value":{"content":"#### Cycle infrastructure length in Greater London\n\nIllustrated here is the total existing cycle infrastructure (m) for Greater London by local authority. \n\nThe darker colour illustrate the longer length of infrastructure in that Local authority. \n","font":{"type":"style","spec":{"fontFamily":"'Open Sans', Helvetica, Arial, sans-serif","fontWeight":"normal","fontStyle":"normal","textDecoration":"none","textAlign":"left","fontSize":"14px","lineHeight":"1","color":"#000000"},"css":"font-family:'Open Sans', Helvetica, Arial, sans-serif;font-weight:normal;font-style:normal;text-decoration:none;text-align:left;font-size:14px;line-height:1;color:#000000"},"openLinksInNewTab":false},"css":".canvasRenderEl {\n\n}\n.canvasMarkdown h1 {\nfont-size: 64px !important;\n}\n.canvasMarkdown h2,\n.canvasMarkdown p {\ncolor: #666666;\n}\n.canvasMarkdown p {\nfont-size: 16px;\n}","containerStyle":{"type":"containerStyle","overflow":"hidden"}},"error":null}},{"id":"element-7fb2b06d-a31d-431a-92f9-b6baca4fc3b9","position":{"left":20,"top":20,"width":610,"height":653,"angle":0,"parent":null},"expressionRenderable":{"state":"ready","value":{"type":"render","as":"embeddable","value":{"type":"embeddable","input":{"id":"5575eeb0-c12e-11ea-8504-77f740059676","filters":[],"timeRange":{"type":"timerange","from":"now-15m","to":"now"},"refreshConfig":{"pause":false,"value":0},"mapCenter":{"lat":0,"lon":0,"zoom":0.29},"hideFilterActions":true,"isLayerTOCOpen":false,"hiddenLayers":[]},"embeddableType":"map","generatedAt":1595954186423},"css":".canvasRenderEl{\n\n}","containerStyle":{"type":"containerStyle","overflow":"hidden"}},"error":null}},{"id":"element-df0339ab-ef09-4b88-aacb-b18f775fcfb0","position":{"left":648,"top":283,"width":421,"height":353,"angle":0,"parent":null},"expressionRenderable":{"state":"ready","value":{"type":"render","as":"embeddable","value":{"type":"embeddable","input":{"id":"4675b430-c143-11ea-8504-77f740059676","filters":[],"timeRange":{"type":"timerange","from":"now-15m","to":"now"},"disableTriggers":true},"embeddableType":"lens","generatedAt":1595953324949},"css":".canvasRenderEl{\n\n}","containerStyle":{"type":"containerStyle","overflow":"hidden"}},"error":null}}]},{"id":"page-29048213-c10c-462f-9561-cab399a96ef3","style":{"background":"#f5f5f5"},"transition":{},"groups":[],"elements":[{"id":"element-4aece7e9-9b9f-4a8b-8672-7e609c0b4646","position":{"left":47,"top":100,"width":265,"height":510,"angle":0,"parent":null},"expressionRenderable":{"state":"ready","value":{"type":"render","as":"markdown","value":{"content":"### Cycle infrastructure, proposed and existing\n\nThis map shows the cycle infrastructure in London. \n\n- Black showing the existing cycleways\n\n- The coloured ones are proposed infrastructure\n\nThe data is from CYIPT/ Rapid dataset","font":{"type":"style","spec":{"fontFamily":"'Open Sans', Helvetica, Arial, sans-serif","fontWeight":"normal","fontStyle":"normal","textDecoration":"none","textAlign":"left","fontSize":"14px","lineHeight":"1"},"css":"font-family:'Open Sans', Helvetica, Arial, sans-serif;font-weight:normal;font-style:normal;text-decoration:none;text-align:left;font-size:14px;line-height:1"},"openLinksInNewTab":false},"css":".canvasRenderEl {\n\n}\n.canvasMarkdown h1 {\nfont-size: 60px !important;\n}","containerStyle":{"type":"containerStyle","overflow":"hidden"}},"error":null}},{"id":"element-455e0a03-8df6-4cf0-b294-a454b4ec0060","position":{"left":332,"top":40,"width":722,"height":629,"angle":0,"parent":null},"expressionRenderable":{"state":"ready","value":{"type":"render","as":"embeddable","value":{"type":"embeddable","input":{"id":"771ada20-d0e8-11ea-8504-77f740059676","filters":[],"timeRange":{"type":"timerange","from":"now-15m","to":"now"},"refreshConfig":{"pause":false,"value":0},"mapCenter":{"lat":51.51809,"lon":-0.11059,"zoom":9.5},"hideFilterActions":true,"isLayerTOCOpen":false,"hiddenLayers":[]},"embeddableType":"map","generatedAt":1595953325280},"css":".canvasRenderEl{\n\n}","containerStyle":{"type":"containerStyle","overflow":"hidden"}},"error":null}}]}],"css":".canvasPage {\n\n}","id":"workpad-4bc19996-c5aa-45d0-ba08-e2355c90481e","name":"HMT cycle playback","width":1080,"height":720,"page":0,"colors":["#37988d","#c19628","#b83c6f","#3f9939","#1785b0","#ca5f35","#45bdb0","#f2bc33","#e74b8b","#4fbf48","#1ea6dc","#fd7643","#72cec3","#f5cc5d","#ec77a8","#7acf74","#4cbce4","#fd986f","#a1ded7","#f8dd91","#f2a4c5","#a6dfa2","#86d2ed","#fdba9f","#000000","#444444","#777777","#BBBBBB","#FFFFFF","rgba(255,255,255,0)","#f5f5f5"],"@timestamp":"2020-07-28T16:20:43.460Z","@created":"2020-07-08T15:03:06.075Z","isWriteable":true}